{"cameraMode":{"drawMode":0,"name":"Shaded","section":"Shading Mode"},"sceneLighting":false,"audioPlay":false,"sceneViewState":{"showFog":true,"showMaterialUpdate":false,"showSkybox":true,"showFlares":true,"showImageEffects":true,"showParticleSystems":true},"in2DMode":false,"pivot":{"x":2.9802322387695315e-8,"y":1.843999981880188,"z":20.0},"rotation":{"x":0.6921022534370422,"y":0.0010830176761373878,"z":-0.0010380371240898967,"w":0.7217980027198792},"size":4.541428565979004,"orthographic":true}