{"cameraMode":{"drawMode":0,"name":"Shaded","section":"Shading Mode"},"sceneLighting":true,"audioPlay":false,"sceneViewState":{"showFog":true,"showMaterialUpdate":false,"showSkybox":true,"showFlares":true,"showImageEffects":true,"showParticleSystems":true},"in2DMode":false,"pivot":{"x":1.3924636840820313,"y":0.3905940055847168,"z":5.82130241394043},"rotation":{"x":0.7217983603477478,"y":-0.0010381329338997603,"z":0.0010827163932844997,"w":0.692101776599884},"size":22.265104293823243,"orthographic":true}