{"cameraMode":{"drawMode":0,"name":"Shaded","section":"Shading Mode"},"sceneLighting":true,"audioPlay":false,"sceneViewState":{"showFog":true,"showMaterialUpdate":false,"showSkybox":true,"showFlares":true,"showImageEffects":true,"showParticleSystems":true},"in2DMode":false,"pivot":{"x":-0.8822975158691406,"y":1.439652442932129,"z":-9.049291610717774},"rotation":{"x":0.27238163352012637,"y":0.2654826045036316,"z":-0.07847177237272263,"w":0.9215039014816284},"size":6.945235729217529,"orthographic":false}