{"cameraMode":{"drawMode":0,"name":"Shaded","section":"Shading Mode"},"sceneLighting":true,"audioPlay":false,"sceneViewState":{"showFog":true,"showMaterialUpdate":false,"showSkybox":true,"showFlares":true,"showImageEffects":true,"showParticleSystems":true},"in2DMode":false,"pivot":{"x":0.0,"y":0.3999999761581421,"z":-6.71999979019165},"rotation":{"x":0.6921022534370422,"y":0.0010830176761373878,"z":-0.0010380371240898967,"w":0.7217980027198792},"size":2.8578836917877199,"orthographic":true}