{"cameraMode":{"drawMode":0,"name":"Shaded","section":"Shading Mode"},"sceneLighting":false,"audioPlay":false,"sceneViewState":{"showFog":true,"showMaterialUpdate":false,"showSkybox":true,"showFlares":true,"showImageEffects":true,"showParticleSystems":true},"in2DMode":false,"pivot":{"x":2.9802322387695315e-8,"y":2.615000009536743,"z":20.0},"rotation":{"x":-0.009569210931658745,"y":-0.08240275830030441,"z":-0.0007908649859018624,"w":0.9965528845787048},"size":1.9757341146469117,"orthographic":true}